CREATE DATABASE /*!32312 IF NOT EXISTS*/ `ls_user_event` /*!40100 DEFAULT CHARACTER SET utf8mb4 */;

USE `ls_user_event`;

--
-- Table structure for table `l_user_event`
--

DROP TABLE IF EXISTS `l_user_event`;
/*!40101 SET @saved_cs_client     = @@character_set_client */;
/*!40101 SET character_set_client = utf8 */;
CREATE TABLE `l_user_event` (
  `l_user_event_id` bigint(20) unsigned NOT NULL AUTO_INCREMENT COMMENT '用户接触到事件标题或者内容产生关系后生成的代理键，自增长',
  `h_user_id` bigint(20) unsigned NOT NULL COMMENT '用户注册后生成的代理键',
  `h_event_id` bigint(20) unsigned NOT NULL COMMENT '事件录入后生成的代理键',
  `create_ts` timestamp NULL DEFAULT '1999-12-31 16:00:00' COMMENT '系统创建时间',
  `update_ts` timestamp NULL DEFAULT '1999-12-31 16:00:00' ON UPDATE CURRENT_TIMESTAMP COMMENT '系统更新时间',
  PRIMARY KEY (`l_user_event_id`),
  KEY `idx_h_user_id` (`h_user_id`),
  KEY `idx_h_event_id` (`h_event_id`),
  KEY `idx_create_ts` (`create_ts`)
) ENGINE=InnoDB AUTO_INCREMENT=445 DEFAULT CHARSET=utf8mb4 COMMENT='用户与事件关系表，加载页面时，创建用户对应读取到的事件标题链接时记录';
/*!40101 SET character_set_client = @saved_cs_client */;

--
-- Dumping data for table `l_user_event`
--

LOCK TABLES `l_user_event` WRITE;
/*!40000 ALTER TABLE `l_user_event` DISABLE KEYS */;
INSERT INTO `l_user_event` VALUES (367,4,77,'2018-07-09 08:45:10','2018-07-09 08:45:10'),(368,4,80,'2018-07-09 08:48:11','2018-07-09 08:48:11'),(369,4,80,'2018-07-09 09:06:46','2018-07-09 09:06:46'),(370,4,80,'2018-07-09 09:06:48','2018-07-09 09:06:48'),(371,4,79,'2018-07-09 09:17:01','2018-07-09 09:17:01'),(372,4,79,'2018-07-09 09:17:05','2018-07-09 09:17:05'),(373,4,77,'2018-07-09 09:40:16','2018-07-09 09:40:16'),(374,4,77,'2018-07-09 09:40:26','2018-07-09 09:40:26'),(375,4,77,'2018-07-09 09:40:57','2018-07-09 09:40:57'),(376,4,77,'2018-07-09 09:50:39','2018-07-09 09:50:39'),(377,4,78,'2018-07-11 06:59:59','2018-07-11 06:59:59'),(378,4,78,'2018-07-11 07:00:03','2018-07-11 07:00:03'),(379,4,80,'2018-07-11 17:52:34','2018-07-11 17:52:34'),(380,4,79,'2018-07-11 17:52:43','2018-07-11 17:52:43'),(381,4,79,'2018-07-11 17:52:47','2018-07-11 17:52:47'),(382,4,77,'2018-07-11 17:52:53','2018-07-11 17:52:53'),(383,4,77,'2018-07-11 17:52:54','2018-07-11 17:52:54'),(384,4,78,'2018-07-11 17:52:58','2018-07-11 17:52:58'),(385,4,78,'2018-07-11 17:52:59','2018-07-11 17:52:59'),(386,4,79,'2018-07-12 01:31:42','2018-07-12 01:31:42'),(387,4,80,'2018-07-12 01:32:22','2018-07-12 01:32:22'),(388,4,80,'2018-07-13 05:25:02','2018-07-13 05:25:02'),(389,4,55,'2018-07-13 05:33:51','2018-07-13 05:33:51'),(390,4,51,'2018-07-13 05:50:04','2018-07-13 05:50:04'),(391,4,51,'2018-07-13 05:50:07','2018-07-13 05:50:07'),(392,4,50,'2018-07-13 05:55:36','2018-07-13 05:55:36'),(393,4,50,'2018-07-13 05:55:40','2018-07-13 05:55:40'),(394,4,75,'2018-07-13 06:22:13','2018-07-13 06:22:13'),(395,4,75,'2018-07-13 06:22:16','2018-07-13 06:22:16'),(396,4,71,'2018-07-13 06:25:10','2018-07-13 06:25:10'),(397,4,71,'2018-07-13 06:25:12','2018-07-13 06:25:12'),(398,4,52,'2018-07-13 06:57:54','2018-07-13 06:57:54'),(399,4,52,'2018-07-13 06:57:57','2018-07-13 06:57:57'),(400,4,72,'2018-07-13 06:58:14','2018-07-13 06:58:14'),(401,4,72,'2018-07-13 06:58:25','2018-07-13 06:58:25'),(402,4,72,'2018-07-13 06:58:27','2018-07-13 06:58:27'),(403,4,77,'2018-07-13 07:03:58','2018-07-13 07:03:58'),(404,4,54,'2018-07-13 07:04:48','2018-07-13 07:04:48'),(405,4,50,'2018-07-13 07:04:52','2018-07-13 07:04:52'),(406,4,74,'2018-07-13 07:04:55','2018-07-13 07:04:55'),(407,4,71,'2018-07-13 07:04:58','2018-07-13 07:04:58'),(408,4,71,'2018-07-13 07:04:59','2018-07-13 07:04:59'),(409,4,80,'2018-07-13 07:05:05','2018-07-13 07:05:05'),(410,4,79,'2018-07-13 07:05:09','2018-07-13 07:05:09'),(411,4,71,'2018-07-13 07:17:00','2018-07-13 07:17:00'),(412,4,72,'2018-07-13 07:17:05','2018-07-13 07:17:05'),(413,4,51,'2018-07-13 07:17:09','2018-07-13 07:17:09'),(414,4,50,'2018-07-13 07:17:12','2018-07-13 07:17:12'),(415,4,55,'2018-07-13 07:17:15','2018-07-13 07:17:15'),(416,4,54,'2018-07-13 07:17:18','2018-07-13 07:17:18'),(417,4,78,'2018-07-13 07:17:28','2018-07-13 07:17:28'),(418,4,72,'2018-07-13 13:05:05','2018-07-13 13:05:05'),(419,4,55,'2018-07-13 13:09:24','2018-07-13 13:09:24'),(420,4,54,'2018-07-13 13:09:28','2018-07-13 13:09:28'),(421,4,77,'2018-07-13 13:09:36','2018-07-13 13:09:36'),(422,4,79,'2018-07-13 13:09:41','2018-07-13 13:09:41'),(423,4,72,'2018-07-13 13:16:39','2018-07-13 13:16:39'),(424,4,72,'2018-07-13 13:16:40','2018-07-13 13:16:40'),(425,4,72,'2018-07-13 13:16:45','2018-07-13 13:16:45'),(426,4,72,'2018-07-13 13:16:46','2018-07-13 13:16:46'),(427,4,72,'2018-07-13 13:21:40','2018-07-13 13:21:40'),(428,4,77,'2018-07-13 13:22:21','2018-07-13 13:22:21'),(429,4,77,'2018-07-13 13:22:22','2018-07-13 13:22:22'),(430,4,80,'2018-07-13 13:22:26','2018-07-13 13:22:26'),(431,4,80,'2018-07-13 13:22:27','2018-07-13 13:22:27'),(432,4,79,'2018-07-13 13:22:32','2018-07-13 13:22:32'),(433,4,79,'2018-07-13 13:22:33','2018-07-13 13:22:33'),(434,4,50,'2018-07-13 13:22:53','2018-07-13 13:22:53'),(435,4,50,'2018-07-13 13:22:54','2018-07-13 13:22:54'),(436,4,54,'2018-07-13 13:22:59','2018-07-13 13:22:59'),(437,4,54,'2018-07-13 13:23:00','2018-07-13 13:23:00'),(438,4,53,'2018-07-13 13:23:03','2018-07-13 13:23:03'),(439,4,53,'2018-07-13 13:23:04','2018-07-13 13:23:04'),(440,4,52,'2018-07-13 13:23:07','2018-07-13 13:23:07'),(441,4,52,'2018-07-13 13:23:08','2018-07-13 13:23:08'),(442,4,51,'2018-07-13 13:23:11','2018-07-13 13:23:11'),(443,4,51,'2018-07-13 13:23:12','2018-07-13 13:23:12'),(444,4,78,'2018-07-15 00:13:06','2018-07-15 00:13:06');
/*!40000 ALTER TABLE `l_user_event` ENABLE KEYS */;
UNLOCK TABLES;

--
-- Table structure for table `s_user_event_active`
--

DROP TABLE IF EXISTS `s_user_event_active`;
/*!40101 SET @saved_cs_client     = @@character_set_client */;
/*!40101 SET character_set_client = utf8 */;
CREATE TABLE `s_user_event_active` (
  `s_user_event_active_id` bigint(20) unsigned NOT NULL AUTO_INCREMENT COMMENT '用户与事件关系激活相关记录序列代理键',
  `l_user_event_id` bigint(20) unsigned NOT NULL DEFAULT '0' COMMENT '用户接触到事件标题或者内容产生关系后生成的代理键',
  `s_user_event_active_ind` int(20) NOT NULL DEFAULT '0' COMMENT '用户与事件关系激活状态',
  `create_ts` timestamp NULL DEFAULT '1999-12-31 16:00:00' COMMENT '系统创建时间',
  `update_ts` timestamp NULL DEFAULT '1999-12-31 16:00:00' ON UPDATE CURRENT_TIMESTAMP COMMENT '系统更新时间',
  PRIMARY KEY (`s_user_event_active_id`),
  KEY `idx_l_user_event_id` (`l_user_event_id`),
  KEY `idx_create_ts` (`create_ts`)
) ENGINE=InnoDB AUTO_INCREMENT=445 DEFAULT CHARSET=utf8mb4 COMMENT='用户与事件关系激活状态记录表，加载页面时，创建用户对应读取到的事件标题链接时记录，写入默认值';
/*!40101 SET character_set_client = @saved_cs_client */;

--
-- Dumping data for table `s_user_event_active`
--

LOCK TABLES `s_user_event_active` WRITE;
/*!40000 ALTER TABLE `s_user_event_active` DISABLE KEYS */;
INSERT INTO `s_user_event_active` VALUES (367,367,0,'2018-07-09 08:45:10','2018-07-09 08:45:10'),(368,368,0,'2018-07-09 08:48:11','2018-07-09 08:48:11'),(369,369,0,'2018-07-09 09:06:46','2018-07-09 09:06:46'),(370,370,0,'2018-07-09 09:06:48','2018-07-09 09:06:48'),(371,371,0,'2018-07-09 09:17:01','2018-07-09 09:17:01'),(372,372,0,'2018-07-09 09:17:05','2018-07-09 09:17:05'),(373,373,0,'2018-07-09 09:40:16','2018-07-09 09:40:16'),(374,374,0,'2018-07-09 09:40:26','2018-07-09 09:40:26'),(375,375,0,'2018-07-09 09:40:57','2018-07-09 09:40:57'),(376,376,0,'2018-07-09 09:50:39','2018-07-09 09:50:39'),(377,377,0,'2018-07-11 06:59:59','2018-07-11 06:59:59'),(378,378,0,'2018-07-11 07:00:03','2018-07-11 07:00:03'),(379,379,0,'2018-07-11 17:52:34','2018-07-11 17:52:34'),(380,380,0,'2018-07-11 17:52:43','2018-07-11 17:52:43'),(381,381,0,'2018-07-11 17:52:47','2018-07-11 17:52:47'),(382,382,0,'2018-07-11 17:52:53','2018-07-11 17:52:53'),(383,383,0,'2018-07-11 17:52:54','2018-07-11 17:52:54'),(384,384,0,'2018-07-11 17:52:58','2018-07-11 17:52:58'),(385,385,0,'2018-07-11 17:52:59','2018-07-11 17:52:59'),(386,386,0,'2018-07-12 01:31:42','2018-07-12 01:31:42'),(387,387,0,'2018-07-12 01:32:22','2018-07-12 01:32:22'),(388,388,0,'2018-07-13 05:25:02','2018-07-13 05:25:02'),(389,389,0,'2018-07-13 05:33:51','2018-07-13 05:33:51'),(390,390,0,'2018-07-13 05:50:04','2018-07-13 05:50:04'),(391,391,0,'2018-07-13 05:50:07','2018-07-13 05:50:07'),(392,392,0,'2018-07-13 05:55:36','2018-07-13 05:55:36'),(393,393,0,'2018-07-13 05:55:40','2018-07-13 05:55:40'),(394,394,0,'2018-07-13 06:22:13','2018-07-13 06:22:13'),(395,395,0,'2018-07-13 06:22:16','2018-07-13 06:22:16'),(396,396,0,'2018-07-13 06:25:10','2018-07-13 06:25:10'),(397,397,0,'2018-07-13 06:25:12','2018-07-13 06:25:12'),(398,398,0,'2018-07-13 06:57:54','2018-07-13 06:57:54'),(399,399,0,'2018-07-13 06:57:57','2018-07-13 06:57:57'),(400,400,0,'2018-07-13 06:58:14','2018-07-13 06:58:14'),(401,401,0,'2018-07-13 06:58:25','2018-07-13 06:58:25'),(402,402,0,'2018-07-13 06:58:27','2018-07-13 06:58:27'),(403,403,0,'2018-07-13 07:03:58','2018-07-13 07:03:58'),(404,404,0,'2018-07-13 07:04:48','2018-07-13 07:04:48'),(405,405,0,'2018-07-13 07:04:52','2018-07-13 07:04:52'),(406,406,0,'2018-07-13 07:04:55','2018-07-13 07:04:55'),(407,407,0,'2018-07-13 07:04:58','2018-07-13 07:04:58'),(408,408,0,'2018-07-13 07:04:59','2018-07-13 07:04:59'),(409,409,0,'2018-07-13 07:05:05','2018-07-13 07:05:05'),(410,410,0,'2018-07-13 07:05:09','2018-07-13 07:05:09'),(411,411,0,'2018-07-13 07:17:00','2018-07-13 07:17:00'),(412,412,0,'2018-07-13 07:17:05','2018-07-13 07:17:05'),(413,413,0,'2018-07-13 07:17:09','2018-07-13 07:17:09'),(414,414,0,'2018-07-13 07:17:12','2018-07-13 07:17:12'),(415,415,0,'2018-07-13 07:17:15','2018-07-13 07:17:15'),(416,416,0,'2018-07-13 07:17:18','2018-07-13 07:17:18'),(417,417,0,'2018-07-13 07:17:28','2018-07-13 07:17:28'),(418,418,0,'2018-07-13 13:05:05','2018-07-13 13:05:05'),(419,419,0,'2018-07-13 13:09:24','2018-07-13 13:09:24'),(420,420,0,'2018-07-13 13:09:28','2018-07-13 13:09:28'),(421,421,0,'2018-07-13 13:09:36','2018-07-13 13:09:36'),(422,422,0,'2018-07-13 13:09:41','2018-07-13 13:09:41'),(423,423,0,'2018-07-13 13:16:39','2018-07-13 13:16:39'),(424,424,0,'2018-07-13 13:16:40','2018-07-13 13:16:40'),(425,425,0,'2018-07-13 13:16:45','2018-07-13 13:16:45'),(426,426,0,'2018-07-13 13:16:46','2018-07-13 13:16:46'),(427,427,0,'2018-07-13 13:21:40','2018-07-13 13:21:40'),(428,428,0,'2018-07-13 13:22:21','2018-07-13 13:22:21'),(429,429,0,'2018-07-13 13:22:22','2018-07-13 13:22:22'),(430,430,0,'2018-07-13 13:22:26','2018-07-13 13:22:26'),(431,431,0,'2018-07-13 13:22:27','2018-07-13 13:22:27'),(432,432,0,'2018-07-13 13:22:32','2018-07-13 13:22:32'),(433,433,0,'2018-07-13 13:22:33','2018-07-13 13:22:33'),(434,434,0,'2018-07-13 13:22:53','2018-07-13 13:22:53'),(435,435,0,'2018-07-13 13:22:54','2018-07-13 13:22:54'),(436,436,0,'2018-07-13 13:22:59','2018-07-13 13:22:59'),(437,437,0,'2018-07-13 13:23:00','2018-07-13 13:23:00'),(438,438,0,'2018-07-13 13:23:03','2018-07-13 13:23:03'),(439,439,0,'2018-07-13 13:23:04','2018-07-13 13:23:04'),(440,440,0,'2018-07-13 13:23:07','2018-07-13 13:23:07'),(441,441,0,'2018-07-13 13:23:08','2018-07-13 13:23:08'),(442,442,0,'2018-07-13 13:23:11','2018-07-13 13:23:11'),(443,443,0,'2018-07-13 13:23:12','2018-07-13 13:23:12'),(444,444,0,'2018-07-15 00:13:06','2018-07-15 00:13:06');
/*!40000 ALTER TABLE `s_user_event_active` ENABLE KEYS */;
UNLOCK TABLES;

--
-- Table structure for table `s_user_event_like`
--

DROP TABLE IF EXISTS `s_user_event_like`;
/*!40101 SET @saved_cs_client     = @@character_set_client */;
/*!40101 SET character_set_client = utf8 */;
CREATE TABLE `s_user_event_like` (
  `s_user_event_like_id` bigint(20) unsigned NOT NULL AUTO_INCREMENT COMMENT '用户与事件关系用户点赞事件相关记录序列代理键',
  `l_user_event_id` bigint(20) unsigned NOT NULL DEFAULT '0' COMMENT '用户接触到事件标题或者内容产生关系后生成的代理键',
  `s_user_event_like_ind` int(20) NOT NULL DEFAULT '0' COMMENT '用户与事件关系用户点赞事件状态',
  `create_ts` timestamp NULL DEFAULT '1999-12-31 16:00:00' COMMENT '系统创建时间',
  `update_ts` timestamp NULL DEFAULT '1999-12-31 16:00:00' ON UPDATE CURRENT_TIMESTAMP COMMENT '系统更新时间',
  PRIMARY KEY (`s_user_event_like_id`),
  KEY `idx_l_l_user_event_id` (`l_user_event_id`),
  KEY `idx_create_ts` (`create_ts`)
) ENGINE=InnoDB AUTO_INCREMENT=29 DEFAULT CHARSET=utf8mb4 COMMENT='用户与事件关系用户点赞事件记录表，用户点赞后记录';
/*!40101 SET character_set_client = @saved_cs_client */;

--
-- Dumping data for table `s_user_event_like`
--

LOCK TABLES `s_user_event_like` WRITE;
/*!40000 ALTER TABLE `s_user_event_like` DISABLE KEYS */;
INSERT INTO `s_user_event_like` VALUES (5,370,1,'2018-07-09 09:06:48','2018-07-09 09:06:48'),(6,372,1,'2018-07-09 09:17:05','2018-07-09 09:17:05'),(7,378,1,'2018-07-11 07:00:03','2018-07-11 07:00:03'),(8,381,1,'2018-07-11 17:52:47','2018-07-11 17:52:47'),(9,383,1,'2018-07-11 17:52:54','2018-07-11 17:52:54'),(10,385,1,'2018-07-11 17:52:59','2018-07-11 17:52:59'),(11,391,1,'2018-07-13 05:50:07','2018-07-13 05:50:07'),(12,393,1,'2018-07-13 05:55:40','2018-07-13 05:55:40'),(13,395,1,'2018-07-13 06:22:16','2018-07-13 06:22:16'),(14,397,1,'2018-07-13 06:25:12','2018-07-13 06:25:12'),(15,399,1,'2018-07-13 06:57:57','2018-07-13 06:57:57'),(16,402,1,'2018-07-13 06:58:27','2018-07-13 06:58:27'),(17,408,1,'2018-07-13 07:04:59','2018-07-13 07:04:59'),(18,424,1,'2018-07-13 13:16:40','2018-07-13 13:16:40'),(19,426,1,'2018-07-13 13:16:46','2018-07-13 13:16:46'),(20,427,1,'2018-07-13 13:21:40','2018-07-13 13:21:40'),(21,429,1,'2018-07-13 13:22:22','2018-07-13 13:22:22'),(22,431,1,'2018-07-13 13:22:27','2018-07-13 13:22:27'),(23,433,1,'2018-07-13 13:22:33','2018-07-13 13:22:33'),(24,435,1,'2018-07-13 13:22:54','2018-07-13 13:22:54'),(25,437,1,'2018-07-13 13:23:00','2018-07-13 13:23:00'),(26,439,1,'2018-07-13 13:23:04','2018-07-13 13:23:04'),(27,441,1,'2018-07-13 13:23:08','2018-07-13 13:23:08'),(28,443,1,'2018-07-13 13:23:12','2018-07-13 13:23:12');
/*!40000 ALTER TABLE `s_user_event_like` ENABLE KEYS */;
UNLOCK TABLES;

--
-- Table structure for table `s_user_event_read`
--

DROP TABLE IF EXISTS `s_user_event_read`;
/*!40101 SET @saved_cs_client     = @@character_set_client */;
/*!40101 SET character_set_client = utf8 */;
CREATE TABLE `s_user_event_read` (
  `s_user_event_read_id` bigint(20) unsigned NOT NULL AUTO_INCREMENT COMMENT '用户与事件关系阅读相关记录序列代理键',
  `l_user_event_id` bigint(20) unsigned NOT NULL DEFAULT '0' COMMENT '用户接触到事件标题或者内容产生关系后生成的代理键',
  `s_user_event_read_log_txt` text NOT NULL COMMENT '用户与事件关系阅读日志内容',
  `create_ts` timestamp NULL DEFAULT '1999-12-31 16:00:00' COMMENT '系统创建时间',
  `update_ts` timestamp NULL DEFAULT '1999-12-31 16:00:00' ON UPDATE CURRENT_TIMESTAMP COMMENT '系统更新时间',
  PRIMARY KEY (`s_user_event_read_id`),
  KEY `idx_l_l_user_event_id` (`l_user_event_id`),
  KEY `idx_create_ts` (`create_ts`)
) ENGINE=InnoDB AUTO_INCREMENT=2 DEFAULT CHARSET=utf8mb4 COMMENT='用户与事件关系阅读记录表，用户进入事件页面后记录';
/*!40101 SET character_set_client = @saved_cs_client */;

--
-- Dumping data for table `s_user_event_read`
--

LOCK TABLES `s_user_event_read` WRITE;
/*!40000 ALTER TABLE `s_user_event_read` DISABLE KEYS */;
/*!40000 ALTER TABLE `s_user_event_read` ENABLE KEYS */;
UNLOCK TABLES;
/*!40103 SET TIME_ZONE=@OLD_TIME_ZONE */;

/*!40101 SET SQL_MODE=@OLD_SQL_MODE */;
/*!40014 SET FOREIGN_KEY_CHECKS=@OLD_FOREIGN_KEY_CHECKS */;
/*!40014 SET UNIQUE_CHECKS=@OLD_UNIQUE_CHECKS */;
/*!40101 SET CHARACTER_SET_CLIENT=@OLD_CHARACTER_SET_CLIENT */;
/*!40101 SET CHARACTER_SET_RESULTS=@OLD_CHARACTER_SET_RESULTS */;
/*!40101 SET COLLATION_CONNECTION=@OLD_COLLATION_CONNECTION */;
/*!40111 SET SQL_NOTES=@OLD_SQL_NOTES */;

-- Dump completed on 2018-07-15  8:25:31
